,School,Link,GameLogs,Pace
0,Abilene Christian,https://www.sports-reference.com/cbb/schools/abilene-christian/men/2026.html,https://www.sports-reference.com/cbb/schools/abilene-christian/men/2026-gamelogs.html,68.8
1,Air Force,https://www.sports-reference.com/cbb/schools/air-force/men/2026.html,https://www.sports-reference.com/cbb/schools/air-force/men/2026-gamelogs.html,67.2
2,Akron,https://www.sports-reference.com/cbb/schools/akron/men/2026.html,https://www.sports-reference.com/cbb/schools/akron/men/2026-gamelogs.html,74.4
3,Alabama,https://www.sports-reference.com/cbb/schools/alabama/men/2026.html,https://www.sports-reference.com/cbb/schools/alabama/men/2026-gamelogs.html,76.1
4,Alabama A&M,https://www.sports-reference.com/cbb/schools/alabama-am/men/2026.html,https://www.sports-reference.com/cbb/schools/alabama-am/men/2026-gamelogs.html,67.9
5,Alabama State,https://www.sports-reference.com/cbb/schools/alabama-state/men/2026.html,https://www.sports-reference.com/cbb/schools/alabama-state/men/2026-gamelogs.html,72.5
6,Albany (NY),https://www.sports-reference.com/cbb/schools/albany-ny/men/2026.html,https://www.sports-reference.com/cbb/schools/albany-ny/men/2026-gamelogs.html,70.4
7,Alcorn State,https://www.sports-reference.com/cbb/schools/alcorn-state/men/2026.html,https://www.sports-reference.com/cbb/schools/alcorn-state/men/2026-gamelogs.html,72.2
8,American,https://www.sports-reference.com/cbb/schools/american/men/2026.html,https://www.sports-reference.com/cbb/schools/american/men/2026-gamelogs.html,71.5
9,Appalachian State,https://www.sports-reference.com/cbb/schools/appalachian-state/men/2026.html,https://www.sports-reference.com/cbb/schools/appalachian-state/men/2026-gamelogs.html,65.6
10,Arizona,https://www.sports-reference.com/cbb/schools/arizona/men/2026.html,https://www.sports-reference.com/cbb/schools/arizona/men/2026-gamelogs.html,73.1
11,Arizona State,https://www.sports-reference.com/cbb/schools/arizona-state/men/2026.html,https://www.sports-reference.com/cbb/schools/arizona-state/men/2026-gamelogs.html,70.8
12,Arkansas,https://www.sports-reference.com/cbb/schools/arkansas/men/2026.html,https://www.sports-reference.com/cbb/schools/arkansas/men/2026-gamelogs.html,73.2
13,Arkansas State,https://www.sports-reference.com/cbb/schools/arkansas-state/men/2026.html,https://www.sports-reference.com/cbb/schools/arkansas-state/men/2026-gamelogs.html,72.8
14,Arkansas-Pine Bluff,https://www.sports-reference.com/cbb/schools/arkansas-pine-bluff/men/2026.html,https://www.sports-reference.com/cbb/schools/arkansas-pine-bluff/men/2026-gamelogs.html,77.8
15,Army,https://www.sports-reference.com/cbb/schools/army/men/2026.html,https://www.sports-reference.com/cbb/schools/army/men/2026-gamelogs.html,69.5
16,Auburn,https://www.sports-reference.com/cbb/schools/auburn/men/2026.html,https://www.sports-reference.com/cbb/schools/auburn/men/2026-gamelogs.html,70.2
17,Austin Peay,https://www.sports-reference.com/cbb/schools/austin-peay/men/2026.html,https://www.sports-reference.com/cbb/schools/austin-peay/men/2026-gamelogs.html,72.9
18,Ball State,https://www.sports-reference.com/cbb/schools/ball-state/men/2026.html,https://www.sports-reference.com/cbb/schools/ball-state/men/2026-gamelogs.html,67.5
19,Baylor,https://www.sports-reference.com/cbb/schools/baylor/men/2026.html,https://www.sports-reference.com/cbb/schools/baylor/men/2026-gamelogs.html,73.9
20,Bellarmine,https://www.sports-reference.com/cbb/schools/bellarmine/men/2026.html,https://www.sports-reference.com/cbb/schools/bellarmine/men/2026-gamelogs.html,68.2
21,Belmont,https://www.sports-reference.com/cbb/schools/belmont/men/2026.html,https://www.sports-reference.com/cbb/schools/belmont/men/2026-gamelogs.html,72.3
22,Bethune-Cookman,https://www.sports-reference.com/cbb/schools/bethune-cookman/men/2026.html,https://www.sports-reference.com/cbb/schools/bethune-cookman/men/2026-gamelogs.html,71.2
23,Binghamton,https://www.sports-reference.com/cbb/schools/binghamton/men/2026.html,https://www.sports-reference.com/cbb/schools/binghamton/men/2026-gamelogs.html,66.4
24,Boise State,https://www.sports-reference.com/cbb/schools/boise-state/men/2026.html,https://www.sports-reference.com/cbb/schools/boise-state/men/2026-gamelogs.html,69.5
25,Boston College,https://www.sports-reference.com/cbb/schools/boston-college/men/2026.html,https://www.sports-reference.com/cbb/schools/boston-college/men/2026-gamelogs.html,66.4
26,Boston University,https://www.sports-reference.com/cbb/schools/boston-university/men/2026.html,https://www.sports-reference.com/cbb/schools/boston-university/men/2026-gamelogs.html,64.5
27,Bowling Green,https://www.sports-reference.com/cbb/schools/bowling-green-state/men/2026.html,https://www.sports-reference.com/cbb/schools/bowling-green-state/men/2026-gamelogs.html,74.6
28,Bradley,https://www.sports-reference.com/cbb/schools/bradley/men/2026.html,https://www.sports-reference.com/cbb/schools/bradley/men/2026-gamelogs.html,69.2
29,Brigham Young,https://www.sports-reference.com/cbb/schools/brigham-young/men/2026.html,https://www.sports-reference.com/cbb/schools/brigham-young/men/2026-gamelogs.html,70.5
30,Brown,https://www.sports-reference.com/cbb/schools/brown/men/2026.html,https://www.sports-reference.com/cbb/schools/brown/men/2026-gamelogs.html,67.0
31,Bryant,https://www.sports-reference.com/cbb/schools/bryant/men/2026.html,https://www.sports-reference.com/cbb/schools/bryant/men/2026-gamelogs.html,67.6
32,Bucknell,https://www.sports-reference.com/cbb/schools/bucknell/men/2026.html,https://www.sports-reference.com/cbb/schools/bucknell/men/2026-gamelogs.html,67.9
33,Buffalo,https://www.sports-reference.com/cbb/schools/buffalo/men/2026.html,https://www.sports-reference.com/cbb/schools/buffalo/men/2026-gamelogs.html,65.9
34,Butler,https://www.sports-reference.com/cbb/schools/butler/men/2026.html,https://www.sports-reference.com/cbb/schools/butler/men/2026-gamelogs.html,72.0
35,Cal Poly,https://www.sports-reference.com/cbb/schools/cal-poly/men/2026.html,https://www.sports-reference.com/cbb/schools/cal-poly/men/2026-gamelogs.html,78.0
36,Cal State Bakersfield,https://www.sports-reference.com/cbb/schools/cal-state-bakersfield/men/2026.html,https://www.sports-reference.com/cbb/schools/cal-state-bakersfield/men/2026-gamelogs.html,72.3
37,Cal State Fullerton,https://www.sports-reference.com/cbb/schools/cal-state-fullerton/men/2026.html,https://www.sports-reference.com/cbb/schools/cal-state-fullerton/men/2026-gamelogs.html,79.6
38,Cal State Northridge,https://www.sports-reference.com/cbb/schools/cal-state-northridge/men/2026.html,https://www.sports-reference.com/cbb/schools/cal-state-northridge/men/2026-gamelogs.html,75.0
39,California,https://www.sports-reference.com/cbb/schools/california/men/2026.html,https://www.sports-reference.com/cbb/schools/california/men/2026-gamelogs.html,69.8
40,California Baptist,https://www.sports-reference.com/cbb/schools/california-baptist/men/2026.html,https://www.sports-reference.com/cbb/schools/california-baptist/men/2026-gamelogs.html,69.3
41,Campbell,https://www.sports-reference.com/cbb/schools/campbell/men/2026.html,https://www.sports-reference.com/cbb/schools/campbell/men/2026-gamelogs.html,73.0
42,Canisius,https://www.sports-reference.com/cbb/schools/canisius/men/2026.html,https://www.sports-reference.com/cbb/schools/canisius/men/2026-gamelogs.html,64.5
43,Central Arkansas,https://www.sports-reference.com/cbb/schools/central-arkansas/men/2026.html,https://www.sports-reference.com/cbb/schools/central-arkansas/men/2026-gamelogs.html,73.1
44,Central Connecticut State,https://www.sports-reference.com/cbb/schools/central-connecticut-state/men/2026.html,https://www.sports-reference.com/cbb/schools/central-connecticut-state/men/2026-gamelogs.html,69.5
45,Central Michigan,https://www.sports-reference.com/cbb/schools/central-michigan/men/2026.html,https://www.sports-reference.com/cbb/schools/central-michigan/men/2026-gamelogs.html,69.6
46,Charleston Southern,https://www.sports-reference.com/cbb/schools/charleston-southern/men/2026.html,https://www.sports-reference.com/cbb/schools/charleston-southern/men/2026-gamelogs.html,75.3
47,Charlotte,https://www.sports-reference.com/cbb/schools/charlotte/men/2026.html,https://www.sports-reference.com/cbb/schools/charlotte/men/2026-gamelogs.html,64.6
48,Chattanooga,https://www.sports-reference.com/cbb/schools/chattanooga/men/2026.html,https://www.sports-reference.com/cbb/schools/chattanooga/men/2026-gamelogs.html,68.4
49,Chicago State,https://www.sports-reference.com/cbb/schools/chicago-state/men/2026.html,https://www.sports-reference.com/cbb/schools/chicago-state/men/2026-gamelogs.html,69.5
50,Cincinnati,https://www.sports-reference.com/cbb/schools/cincinnati/men/2026.html,https://www.sports-reference.com/cbb/schools/cincinnati/men/2026-gamelogs.html,73.3
51,Clemson,https://www.sports-reference.com/cbb/schools/clemson/men/2026.html,https://www.sports-reference.com/cbb/schools/clemson/men/2026-gamelogs.html,67.2
52,Cleveland State,https://www.sports-reference.com/cbb/schools/cleveland-state/men/2026.html,https://www.sports-reference.com/cbb/schools/cleveland-state/men/2026-gamelogs.html,72.7
53,Coastal Carolina,https://www.sports-reference.com/cbb/schools/coastal-carolina/men/2026.html,https://www.sports-reference.com/cbb/schools/coastal-carolina/men/2026-gamelogs.html,72.1
54,Colgate,https://www.sports-reference.com/cbb/schools/colgate/men/2026.html,https://www.sports-reference.com/cbb/schools/colgate/men/2026-gamelogs.html,67.5
55,College of Charleston,https://www.sports-reference.com/cbb/schools/college-of-charleston/men/2026.html,https://www.sports-reference.com/cbb/schools/college-of-charleston/men/2026-gamelogs.html,68.7
56,Colorado,https://www.sports-reference.com/cbb/schools/colorado/men/2026.html,https://www.sports-reference.com/cbb/schools/colorado/men/2026-gamelogs.html,70.6
57,Colorado State,https://www.sports-reference.com/cbb/schools/colorado-state/men/2026.html,https://www.sports-reference.com/cbb/schools/colorado-state/men/2026-gamelogs.html,65.2
58,Columbia,https://www.sports-reference.com/cbb/schools/columbia/men/2026.html,https://www.sports-reference.com/cbb/schools/columbia/men/2026-gamelogs.html,68.6
59,Connecticut,https://www.sports-reference.com/cbb/schools/connecticut/men/2026.html,https://www.sports-reference.com/cbb/schools/connecticut/men/2026-gamelogs.html,67.5
60,Coppin State,https://www.sports-reference.com/cbb/schools/coppin-state/men/2026.html,https://www.sports-reference.com/cbb/schools/coppin-state/men/2026-gamelogs.html,71.2
61,Cornell,https://www.sports-reference.com/cbb/schools/cornell/men/2026.html,https://www.sports-reference.com/cbb/schools/cornell/men/2026-gamelogs.html,74.8
62,Creighton,https://www.sports-reference.com/cbb/schools/creighton/men/2026.html,https://www.sports-reference.com/cbb/schools/creighton/men/2026-gamelogs.html,69.1
63,Dartmouth,https://www.sports-reference.com/cbb/schools/dartmouth/men/2026.html,https://www.sports-reference.com/cbb/schools/dartmouth/men/2026-gamelogs.html,71.1
64,Davidson,https://www.sports-reference.com/cbb/schools/davidson/men/2026.html,https://www.sports-reference.com/cbb/schools/davidson/men/2026-gamelogs.html,66.3
65,Dayton,https://www.sports-reference.com/cbb/schools/dayton/men/2026.html,https://www.sports-reference.com/cbb/schools/dayton/men/2026-gamelogs.html,70.2
66,Delaware,https://www.sports-reference.com/cbb/schools/delaware/men/2026.html,https://www.sports-reference.com/cbb/schools/delaware/men/2026-gamelogs.html,66.8
67,Delaware State,https://www.sports-reference.com/cbb/schools/delaware-state/men/2026.html,https://www.sports-reference.com/cbb/schools/delaware-state/men/2026-gamelogs.html,68.0
68,Denver,https://www.sports-reference.com/cbb/schools/denver/men/2026.html,https://www.sports-reference.com/cbb/schools/denver/men/2026-gamelogs.html,70.3
69,DePaul,https://www.sports-reference.com/cbb/schools/depaul/men/2026.html,https://www.sports-reference.com/cbb/schools/depaul/men/2026-gamelogs.html,70.0
70,Detroit Mercy,https://www.sports-reference.com/cbb/schools/detroit-mercy/men/2026.html,https://www.sports-reference.com/cbb/schools/detroit-mercy/men/2026-gamelogs.html,71.1
71,Drake,https://www.sports-reference.com/cbb/schools/drake/men/2026.html,https://www.sports-reference.com/cbb/schools/drake/men/2026-gamelogs.html,67.4
72,Drexel,https://www.sports-reference.com/cbb/schools/drexel/men/2026.html,https://www.sports-reference.com/cbb/schools/drexel/men/2026-gamelogs.html,67.7
73,Duke,https://www.sports-reference.com/cbb/schools/duke/men/2026.html,https://www.sports-reference.com/cbb/schools/duke/men/2026-gamelogs.html,70.9
74,Duquesne,https://www.sports-reference.com/cbb/schools/duquesne/men/2026.html,https://www.sports-reference.com/cbb/schools/duquesne/men/2026-gamelogs.html,73.9
75,East Carolina,https://www.sports-reference.com/cbb/schools/east-carolina/men/2026.html,https://www.sports-reference.com/cbb/schools/east-carolina/men/2026-gamelogs.html,70.3
76,East Tennessee State,https://www.sports-reference.com/cbb/schools/east-tennessee-state/men/2026.html,https://www.sports-reference.com/cbb/schools/east-tennessee-state/men/2026-gamelogs.html,68.8
77,East Texas A&M,https://www.sports-reference.com/cbb/schools/texas-am-commerce/men/2026.html,https://www.sports-reference.com/cbb/schools/texas-am-commerce/men/2026-gamelogs.html,73.2
78,Eastern Illinois,https://www.sports-reference.com/cbb/schools/eastern-illinois/men/2026.html,https://www.sports-reference.com/cbb/schools/eastern-illinois/men/2026-gamelogs.html,67.9
79,Eastern Kentucky,https://www.sports-reference.com/cbb/schools/eastern-kentucky/men/2026.html,https://www.sports-reference.com/cbb/schools/eastern-kentucky/men/2026-gamelogs.html,73.1
80,Eastern Michigan,https://www.sports-reference.com/cbb/schools/eastern-michigan/men/2026.html,https://www.sports-reference.com/cbb/schools/eastern-michigan/men/2026-gamelogs.html,69.4
81,Eastern Washington,https://www.sports-reference.com/cbb/schools/eastern-washington/men/2026.html,https://www.sports-reference.com/cbb/schools/eastern-washington/men/2026-gamelogs.html,71.3
82,Elon,https://www.sports-reference.com/cbb/schools/elon/men/2026.html,https://www.sports-reference.com/cbb/schools/elon/men/2026-gamelogs.html,69.4
83,Evansville,https://www.sports-reference.com/cbb/schools/evansville/men/2026.html,https://www.sports-reference.com/cbb/schools/evansville/men/2026-gamelogs.html,68.9
84,Fairfield,https://www.sports-reference.com/cbb/schools/fairfield/men/2026.html,https://www.sports-reference.com/cbb/schools/fairfield/men/2026-gamelogs.html,69.7
85,FDU,https://www.sports-reference.com/cbb/schools/fairleigh-dickinson/men/2026.html,https://www.sports-reference.com/cbb/schools/fairleigh-dickinson/men/2026-gamelogs.html,67.9
86,Florida,https://www.sports-reference.com/cbb/schools/florida/men/2026.html,https://www.sports-reference.com/cbb/schools/florida/men/2026-gamelogs.html,73.2
87,Florida A&M,https://www.sports-reference.com/cbb/schools/florida-am/men/2026.html,https://www.sports-reference.com/cbb/schools/florida-am/men/2026-gamelogs.html,72.7
88,Florida Atlantic,https://www.sports-reference.com/cbb/schools/florida-atlantic/men/2026.html,https://www.sports-reference.com/cbb/schools/florida-atlantic/men/2026-gamelogs.html,70.0
89,Florida Gulf Coast,https://www.sports-reference.com/cbb/schools/florida-gulf-coast/men/2026.html,https://www.sports-reference.com/cbb/schools/florida-gulf-coast/men/2026-gamelogs.html,72.1
90,Florida International,https://www.sports-reference.com/cbb/schools/florida-international/men/2026.html,https://www.sports-reference.com/cbb/schools/florida-international/men/2026-gamelogs.html,76.3
91,Florida State,https://www.sports-reference.com/cbb/schools/florida-state/men/2026.html,https://www.sports-reference.com/cbb/schools/florida-state/men/2026-gamelogs.html,76.7
92,Fordham,https://www.sports-reference.com/cbb/schools/fordham/men/2026.html,https://www.sports-reference.com/cbb/schools/fordham/men/2026-gamelogs.html,67.6
93,Fresno State,https://www.sports-reference.com/cbb/schools/fresno-state/men/2026.html,https://www.sports-reference.com/cbb/schools/fresno-state/men/2026-gamelogs.html,71.3
94,Furman,https://www.sports-reference.com/cbb/schools/furman/men/2026.html,https://www.sports-reference.com/cbb/schools/furman/men/2026-gamelogs.html,68.9
95,Gardner-Webb,https://www.sports-reference.com/cbb/schools/gardner-webb/men/2026.html,https://www.sports-reference.com/cbb/schools/gardner-webb/men/2026-gamelogs.html,72.4
96,George Mason,https://www.sports-reference.com/cbb/schools/george-mason/men/2026.html,https://www.sports-reference.com/cbb/schools/george-mason/men/2026-gamelogs.html,67.7
97,George Washington,https://www.sports-reference.com/cbb/schools/george-washington/men/2026.html,https://www.sports-reference.com/cbb/schools/george-washington/men/2026-gamelogs.html,73.6
98,Georgetown,https://www.sports-reference.com/cbb/schools/georgetown/men/2026.html,https://www.sports-reference.com/cbb/schools/georgetown/men/2026-gamelogs.html,69.2
99,Georgia,https://www.sports-reference.com/cbb/schools/georgia/men/2026.html,https://www.sports-reference.com/cbb/schools/georgia/men/2026-gamelogs.html,78.2
100,Georgia Southern,https://www.sports-reference.com/cbb/schools/georgia-southern/men/2026.html,https://www.sports-reference.com/cbb/schools/georgia-southern/men/2026-gamelogs.html,73.6
101,Georgia State,https://www.sports-reference.com/cbb/schools/georgia-state/men/2026.html,https://www.sports-reference.com/cbb/schools/georgia-state/men/2026-gamelogs.html,71.4
102,Georgia Tech,https://www.sports-reference.com/cbb/schools/georgia-tech/men/2026.html,https://www.sports-reference.com/cbb/schools/georgia-tech/men/2026-gamelogs.html,71.8
103,Gonzaga,https://www.sports-reference.com/cbb/schools/gonzaga/men/2026.html,https://www.sports-reference.com/cbb/schools/gonzaga/men/2026-gamelogs.html,73.7
104,Grambling,https://www.sports-reference.com/cbb/schools/grambling/men/2026.html,https://www.sports-reference.com/cbb/schools/grambling/men/2026-gamelogs.html,69.7
105,Grand Canyon,https://www.sports-reference.com/cbb/schools/grand-canyon/men/2026.html,https://www.sports-reference.com/cbb/schools/grand-canyon/men/2026-gamelogs.html,70.3
106,Green Bay,https://www.sports-reference.com/cbb/schools/green-bay/men/2026.html,https://www.sports-reference.com/cbb/schools/green-bay/men/2026-gamelogs.html,66.8
107,Hampton,https://www.sports-reference.com/cbb/schools/hampton/men/2026.html,https://www.sports-reference.com/cbb/schools/hampton/men/2026-gamelogs.html,67.8
108,Harvard,https://www.sports-reference.com/cbb/schools/harvard/men/2026.html,https://www.sports-reference.com/cbb/schools/harvard/men/2026-gamelogs.html,65.7
109,Hawaii,https://www.sports-reference.com/cbb/schools/hawaii/men/2026.html,https://www.sports-reference.com/cbb/schools/hawaii/men/2026-gamelogs.html,71.9
110,High Point,https://www.sports-reference.com/cbb/schools/high-point/men/2026.html,https://www.sports-reference.com/cbb/schools/high-point/men/2026-gamelogs.html,72.3
111,Hofstra,https://www.sports-reference.com/cbb/schools/hofstra/men/2026.html,https://www.sports-reference.com/cbb/schools/hofstra/men/2026-gamelogs.html,68.1
112,Holy Cross,https://www.sports-reference.com/cbb/schools/holy-cross/men/2026.html,https://www.sports-reference.com/cbb/schools/holy-cross/men/2026-gamelogs.html,67.0
113,Houston,https://www.sports-reference.com/cbb/schools/houston/men/2026.html,https://www.sports-reference.com/cbb/schools/houston/men/2026-gamelogs.html,65.4
114,Houston Christian,https://www.sports-reference.com/cbb/schools/houston-baptist/men/2026.html,https://www.sports-reference.com/cbb/schools/houston-baptist/men/2026-gamelogs.html,66.5
115,Howard,https://www.sports-reference.com/cbb/schools/howard/men/2026.html,https://www.sports-reference.com/cbb/schools/howard/men/2026-gamelogs.html,70.9
116,Idaho,https://www.sports-reference.com/cbb/schools/idaho/men/2026.html,https://www.sports-reference.com/cbb/schools/idaho/men/2026-gamelogs.html,69.6
117,Idaho State,https://www.sports-reference.com/cbb/schools/idaho-state/men/2026.html,https://www.sports-reference.com/cbb/schools/idaho-state/men/2026-gamelogs.html,66.0
118,Illinois,https://www.sports-reference.com/cbb/schools/illinois/men/2026.html,https://www.sports-reference.com/cbb/schools/illinois/men/2026-gamelogs.html,69.0
119,Illinois State,https://www.sports-reference.com/cbb/schools/illinois-state/men/2026.html,https://www.sports-reference.com/cbb/schools/illinois-state/men/2026-gamelogs.html,68.4
120,Illinois-Chicago,https://www.sports-reference.com/cbb/schools/illinois-chicago/men/2026.html,https://www.sports-reference.com/cbb/schools/illinois-chicago/men/2026-gamelogs.html,68.8
121,Incarnate Word,https://www.sports-reference.com/cbb/schools/incarnate-word/men/2026.html,https://www.sports-reference.com/cbb/schools/incarnate-word/men/2026-gamelogs.html,68.7
122,Indiana,https://www.sports-reference.com/cbb/schools/indiana/men/2026.html,https://www.sports-reference.com/cbb/schools/indiana/men/2026-gamelogs.html,70.5
123,Indiana State,https://www.sports-reference.com/cbb/schools/indiana-state/men/2026.html,https://www.sports-reference.com/cbb/schools/indiana-state/men/2026-gamelogs.html,70.7
124,Iona,https://www.sports-reference.com/cbb/schools/iona/men/2026.html,https://www.sports-reference.com/cbb/schools/iona/men/2026-gamelogs.html,72.8
125,Iowa,https://www.sports-reference.com/cbb/schools/iowa/men/2026.html,https://www.sports-reference.com/cbb/schools/iowa/men/2026-gamelogs.html,64.7
126,Iowa State,https://www.sports-reference.com/cbb/schools/iowa-state/men/2026.html,https://www.sports-reference.com/cbb/schools/iowa-state/men/2026-gamelogs.html,70.6
127,IU Indy,https://www.sports-reference.com/cbb/schools/iupui/men/2026.html,https://www.sports-reference.com/cbb/schools/iupui/men/2026-gamelogs.html,80.9
128,Jackson State,https://www.sports-reference.com/cbb/schools/jackson-state/men/2026.html,https://www.sports-reference.com/cbb/schools/jackson-state/men/2026-gamelogs.html,71.3
129,Jacksonville,https://www.sports-reference.com/cbb/schools/jacksonville/men/2026.html,https://www.sports-reference.com/cbb/schools/jacksonville/men/2026-gamelogs.html,69.2
130,Jacksonville State,https://www.sports-reference.com/cbb/schools/jacksonville-state/men/2026.html,https://www.sports-reference.com/cbb/schools/jacksonville-state/men/2026-gamelogs.html,68.4
131,James Madison,https://www.sports-reference.com/cbb/schools/james-madison/men/2026.html,https://www.sports-reference.com/cbb/schools/james-madison/men/2026-gamelogs.html,67.8
132,Kansas,https://www.sports-reference.com/cbb/schools/kansas/men/2026.html,https://www.sports-reference.com/cbb/schools/kansas/men/2026-gamelogs.html,67.3
133,Kansas City,https://www.sports-reference.com/cbb/schools/missouri-kansas-city/men/2026.html,https://www.sports-reference.com/cbb/schools/missouri-kansas-city/men/2026-gamelogs.html,73.5
134,Kansas State,https://www.sports-reference.com/cbb/schools/kansas-state/men/2026.html,https://www.sports-reference.com/cbb/schools/kansas-state/men/2026-gamelogs.html,74.7
135,Kennesaw State,https://www.sports-reference.com/cbb/schools/kennesaw-state/men/2026.html,https://www.sports-reference.com/cbb/schools/kennesaw-state/men/2026-gamelogs.html,77.1
136,Kent State,https://www.sports-reference.com/cbb/schools/kent-state/men/2026.html,https://www.sports-reference.com/cbb/schools/kent-state/men/2026-gamelogs.html,76.7
137,Kentucky,https://www.sports-reference.com/cbb/schools/kentucky/men/2026.html,https://www.sports-reference.com/cbb/schools/kentucky/men/2026-gamelogs.html,70.3
138,La Salle,https://www.sports-reference.com/cbb/schools/la-salle/men/2026.html,https://www.sports-reference.com/cbb/schools/la-salle/men/2026-gamelogs.html,66.6
139,Lafayette,https://www.sports-reference.com/cbb/schools/lafayette/men/2026.html,https://www.sports-reference.com/cbb/schools/lafayette/men/2026-gamelogs.html,69.0
140,Lamar,https://www.sports-reference.com/cbb/schools/lamar/men/2026.html,https://www.sports-reference.com/cbb/schools/lamar/men/2026-gamelogs.html,68.8
141,Le Moyne,https://www.sports-reference.com/cbb/schools/le-moyne/men/2026.html,https://www.sports-reference.com/cbb/schools/le-moyne/men/2026-gamelogs.html,70.6
142,Lehigh,https://www.sports-reference.com/cbb/schools/lehigh/men/2026.html,https://www.sports-reference.com/cbb/schools/lehigh/men/2026-gamelogs.html,68.8
143,Liberty,https://www.sports-reference.com/cbb/schools/liberty/men/2026.html,https://www.sports-reference.com/cbb/schools/liberty/men/2026-gamelogs.html,65.9
144,Lindenwood,https://www.sports-reference.com/cbb/schools/lindenwood/men/2026.html,https://www.sports-reference.com/cbb/schools/lindenwood/men/2026-gamelogs.html,75.7
145,Lipscomb,https://www.sports-reference.com/cbb/schools/lipscomb/men/2026.html,https://www.sports-reference.com/cbb/schools/lipscomb/men/2026-gamelogs.html,74.4
146,Little Rock,https://www.sports-reference.com/cbb/schools/arkansas-little-rock/men/2026.html,https://www.sports-reference.com/cbb/schools/arkansas-little-rock/men/2026-gamelogs.html,70.0
147,Long Beach State,https://www.sports-reference.com/cbb/schools/long-beach-state/men/2026.html,https://www.sports-reference.com/cbb/schools/long-beach-state/men/2026-gamelogs.html,69.2
148,Long Island University,https://www.sports-reference.com/cbb/schools/long-island-university/men/2026.html,https://www.sports-reference.com/cbb/schools/long-island-university/men/2026-gamelogs.html,71.7
149,Longwood,https://www.sports-reference.com/cbb/schools/longwood/men/2026.html,https://www.sports-reference.com/cbb/schools/longwood/men/2026-gamelogs.html,71.1
150,Louisiana,https://www.sports-reference.com/cbb/schools/louisiana-lafayette/men/2026.html,https://www.sports-reference.com/cbb/schools/louisiana-lafayette/men/2026-gamelogs.html,63.8
151,Louisiana State,https://www.sports-reference.com/cbb/schools/louisiana-state/men/2026.html,https://www.sports-reference.com/cbb/schools/louisiana-state/men/2026-gamelogs.html,70.4
152,Louisiana Tech,https://www.sports-reference.com/cbb/schools/louisiana-tech/men/2026.html,https://www.sports-reference.com/cbb/schools/louisiana-tech/men/2026-gamelogs.html,66.1
153,Louisiana-Monroe,https://www.sports-reference.com/cbb/schools/louisiana-monroe/men/2026.html,https://www.sports-reference.com/cbb/schools/louisiana-monroe/men/2026-gamelogs.html,71.9
154,Louisville,https://www.sports-reference.com/cbb/schools/louisville/men/2026.html,https://www.sports-reference.com/cbb/schools/louisville/men/2026-gamelogs.html,73.7
155,Loyola (IL),https://www.sports-reference.com/cbb/schools/loyola-il/men/2026.html,https://www.sports-reference.com/cbb/schools/loyola-il/men/2026-gamelogs.html,64.8
156,Loyola (MD),https://www.sports-reference.com/cbb/schools/loyola-md/men/2026.html,https://www.sports-reference.com/cbb/schools/loyola-md/men/2026-gamelogs.html,70.3
157,Loyola Marymount,https://www.sports-reference.com/cbb/schools/loyola-marymount/men/2026.html,https://www.sports-reference.com/cbb/schools/loyola-marymount/men/2026-gamelogs.html,69.6
158,Maine,https://www.sports-reference.com/cbb/schools/maine/men/2026.html,https://www.sports-reference.com/cbb/schools/maine/men/2026-gamelogs.html,65.0
159,Manhattan,https://www.sports-reference.com/cbb/schools/manhattan/men/2026.html,https://www.sports-reference.com/cbb/schools/manhattan/men/2026-gamelogs.html,70.4
160,Marist,https://www.sports-reference.com/cbb/schools/marist/men/2026.html,https://www.sports-reference.com/cbb/schools/marist/men/2026-gamelogs.html,68.7
161,Marquette,https://www.sports-reference.com/cbb/schools/marquette/men/2026.html,https://www.sports-reference.com/cbb/schools/marquette/men/2026-gamelogs.html,71.9
162,Marshall,https://www.sports-reference.com/cbb/schools/marshall/men/2026.html,https://www.sports-reference.com/cbb/schools/marshall/men/2026-gamelogs.html,71.7
163,Maryland,https://www.sports-reference.com/cbb/schools/maryland/men/2026.html,https://www.sports-reference.com/cbb/schools/maryland/men/2026-gamelogs.html,71.2
164,Maryland-Baltimore County,https://www.sports-reference.com/cbb/schools/maryland-baltimore-county/men/2026.html,https://www.sports-reference.com/cbb/schools/maryland-baltimore-county/men/2026-gamelogs.html,69.3
165,Maryland-Eastern Shore,https://www.sports-reference.com/cbb/schools/maryland-eastern-shore/men/2026.html,https://www.sports-reference.com/cbb/schools/maryland-eastern-shore/men/2026-gamelogs.html,65.5
166,Massachusetts,https://www.sports-reference.com/cbb/schools/massachusetts/men/2026.html,https://www.sports-reference.com/cbb/schools/massachusetts/men/2026-gamelogs.html,73.8
167,Massachusetts-Lowell,https://www.sports-reference.com/cbb/schools/massachusetts-lowell/men/2026.html,https://www.sports-reference.com/cbb/schools/massachusetts-lowell/men/2026-gamelogs.html,71.7
168,McNeese State,https://www.sports-reference.com/cbb/schools/mcneese-state/men/2026.html,https://www.sports-reference.com/cbb/schools/mcneese-state/men/2026-gamelogs.html,71.0
169,Memphis,https://www.sports-reference.com/cbb/schools/memphis/men/2026.html,https://www.sports-reference.com/cbb/schools/memphis/men/2026-gamelogs.html,71.6
170,Mercer,https://www.sports-reference.com/cbb/schools/mercer/men/2026.html,https://www.sports-reference.com/cbb/schools/mercer/men/2026-gamelogs.html,74.4
171,Mercyhurst,https://www.sports-reference.com/cbb/schools/mercyhurst/men/2026.html,https://www.sports-reference.com/cbb/schools/mercyhurst/men/2026-gamelogs.html,66.1
172,Merrimack,https://www.sports-reference.com/cbb/schools/merrimack/men/2026.html,https://www.sports-reference.com/cbb/schools/merrimack/men/2026-gamelogs.html,65.1
173,Miami (FL),https://www.sports-reference.com/cbb/schools/miami-fl/men/2026.html,https://www.sports-reference.com/cbb/schools/miami-fl/men/2026-gamelogs.html,72.5
174,Miami (OH),https://www.sports-reference.com/cbb/schools/miami-oh/men/2026.html,https://www.sports-reference.com/cbb/schools/miami-oh/men/2026-gamelogs.html,73.1
175,Michigan,https://www.sports-reference.com/cbb/schools/michigan/men/2026.html,https://www.sports-reference.com/cbb/schools/michigan/men/2026-gamelogs.html,75.7
176,Michigan State,https://www.sports-reference.com/cbb/schools/michigan-state/men/2026.html,https://www.sports-reference.com/cbb/schools/michigan-state/men/2026-gamelogs.html,68.5
177,Middle Tennessee,https://www.sports-reference.com/cbb/schools/middle-tennessee/men/2026.html,https://www.sports-reference.com/cbb/schools/middle-tennessee/men/2026-gamelogs.html,70.2
178,Milwaukee,https://www.sports-reference.com/cbb/schools/milwaukee/men/2026.html,https://www.sports-reference.com/cbb/schools/milwaukee/men/2026-gamelogs.html,71.0
179,Minnesota,https://www.sports-reference.com/cbb/schools/minnesota/men/2026.html,https://www.sports-reference.com/cbb/schools/minnesota/men/2026-gamelogs.html,65.1
180,Mississippi,https://www.sports-reference.com/cbb/schools/mississippi/men/2026.html,https://www.sports-reference.com/cbb/schools/mississippi/men/2026-gamelogs.html,67.3
181,Mississippi State,https://www.sports-reference.com/cbb/schools/mississippi-state/men/2026.html,https://www.sports-reference.com/cbb/schools/mississippi-state/men/2026-gamelogs.html,71.2
182,Mississippi Valley State,https://www.sports-reference.com/cbb/schools/mississippi-valley-state/men/2026.html,https://www.sports-reference.com/cbb/schools/mississippi-valley-state/men/2026-gamelogs.html,71.6
183,Missouri,https://www.sports-reference.com/cbb/schools/missouri/men/2026.html,https://www.sports-reference.com/cbb/schools/missouri/men/2026-gamelogs.html,69.5
184,Missouri State,https://www.sports-reference.com/cbb/schools/missouri-state/men/2026.html,https://www.sports-reference.com/cbb/schools/missouri-state/men/2026-gamelogs.html,68.1
185,Monmouth,https://www.sports-reference.com/cbb/schools/monmouth/men/2026.html,https://www.sports-reference.com/cbb/schools/monmouth/men/2026-gamelogs.html,68.5
186,Montana,https://www.sports-reference.com/cbb/schools/montana/men/2026.html,https://www.sports-reference.com/cbb/schools/montana/men/2026-gamelogs.html,73.6
187,Montana State,https://www.sports-reference.com/cbb/schools/montana-state/men/2026.html,https://www.sports-reference.com/cbb/schools/montana-state/men/2026-gamelogs.html,68.1
188,Morehead State,https://www.sports-reference.com/cbb/schools/morehead-state/men/2026.html,https://www.sports-reference.com/cbb/schools/morehead-state/men/2026-gamelogs.html,71.0
189,Morgan State,https://www.sports-reference.com/cbb/schools/morgan-state/men/2026.html,https://www.sports-reference.com/cbb/schools/morgan-state/men/2026-gamelogs.html,70.3
190,Mount St. Mary's,https://www.sports-reference.com/cbb/schools/mount-st-marys/men/2026.html,https://www.sports-reference.com/cbb/schools/mount-st-marys/men/2026-gamelogs.html,70.3
191,Murray State,https://www.sports-reference.com/cbb/schools/murray-state/men/2026.html,https://www.sports-reference.com/cbb/schools/murray-state/men/2026-gamelogs.html,73.6
192,Navy,https://www.sports-reference.com/cbb/schools/navy/men/2026.html,https://www.sports-reference.com/cbb/schools/navy/men/2026-gamelogs.html,67.5
193,NC State,https://www.sports-reference.com/cbb/schools/north-carolina-state/men/2026.html,https://www.sports-reference.com/cbb/schools/north-carolina-state/men/2026-gamelogs.html,71.0
194,Nebraska,https://www.sports-reference.com/cbb/schools/nebraska/men/2026.html,https://www.sports-reference.com/cbb/schools/nebraska/men/2026-gamelogs.html,70.5
195,Nevada,https://www.sports-reference.com/cbb/schools/nevada/men/2026.html,https://www.sports-reference.com/cbb/schools/nevada/men/2026-gamelogs.html,67.2
196,Nevada-Las Vegas,https://www.sports-reference.com/cbb/schools/nevada-las-vegas/men/2026.html,https://www.sports-reference.com/cbb/schools/nevada-las-vegas/men/2026-gamelogs.html,74.6
197,New Hampshire,https://www.sports-reference.com/cbb/schools/new-hampshire/men/2026.html,https://www.sports-reference.com/cbb/schools/new-hampshire/men/2026-gamelogs.html,69.8
198,New Haven,https://www.sports-reference.com/cbb/schools/new-haven/men/2026.html,https://www.sports-reference.com/cbb/schools/new-haven/men/2026-gamelogs.html,66.4
199,New Mexico,https://www.sports-reference.com/cbb/schools/new-mexico/men/2026.html,https://www.sports-reference.com/cbb/schools/new-mexico/men/2026-gamelogs.html,71.6
200,New Mexico State,https://www.sports-reference.com/cbb/schools/new-mexico-state/men/2026.html,https://www.sports-reference.com/cbb/schools/new-mexico-state/men/2026-gamelogs.html,70.4
201,New Orleans,https://www.sports-reference.com/cbb/schools/new-orleans/men/2026.html,https://www.sports-reference.com/cbb/schools/new-orleans/men/2026-gamelogs.html,70.5
202,Niagara,https://www.sports-reference.com/cbb/schools/niagara/men/2026.html,https://www.sports-reference.com/cbb/schools/niagara/men/2026-gamelogs.html,65.6
203,Nicholls State,https://www.sports-reference.com/cbb/schools/nicholls-state/men/2026.html,https://www.sports-reference.com/cbb/schools/nicholls-state/men/2026-gamelogs.html,70.7
204,NJIT,https://www.sports-reference.com/cbb/schools/njit/men/2026.html,https://www.sports-reference.com/cbb/schools/njit/men/2026-gamelogs.html,70.9
205,Norfolk State,https://www.sports-reference.com/cbb/schools/norfolk-state/men/2026.html,https://www.sports-reference.com/cbb/schools/norfolk-state/men/2026-gamelogs.html,70.2
206,North Alabama,https://www.sports-reference.com/cbb/schools/north-alabama/men/2026.html,https://www.sports-reference.com/cbb/schools/north-alabama/men/2026-gamelogs.html,66.9
207,North Carolina,https://www.sports-reference.com/cbb/schools/north-carolina/men/2026.html,https://www.sports-reference.com/cbb/schools/north-carolina/men/2026-gamelogs.html,69.2
208,North Carolina A&T,https://www.sports-reference.com/cbb/schools/north-carolina-at/men/2026.html,https://www.sports-reference.com/cbb/schools/north-carolina-at/men/2026-gamelogs.html,71.7
209,North Carolina Central,https://www.sports-reference.com/cbb/schools/north-carolina-central/men/2026.html,https://www.sports-reference.com/cbb/schools/north-carolina-central/men/2026-gamelogs.html,71.2
210,North Dakota,https://www.sports-reference.com/cbb/schools/north-dakota/men/2026.html,https://www.sports-reference.com/cbb/schools/north-dakota/men/2026-gamelogs.html,71.4
211,North Dakota State,https://www.sports-reference.com/cbb/schools/north-dakota-state/men/2026.html,https://www.sports-reference.com/cbb/schools/north-dakota-state/men/2026-gamelogs.html,71.2
212,North Florida,https://www.sports-reference.com/cbb/schools/north-florida/men/2026.html,https://www.sports-reference.com/cbb/schools/north-florida/men/2026-gamelogs.html,74.9
213,North Texas,https://www.sports-reference.com/cbb/schools/north-texas/men/2026.html,https://www.sports-reference.com/cbb/schools/north-texas/men/2026-gamelogs.html,66.8
214,Northeastern,https://www.sports-reference.com/cbb/schools/northeastern/men/2026.html,https://www.sports-reference.com/cbb/schools/northeastern/men/2026-gamelogs.html,69.6
215,Northern Arizona,https://www.sports-reference.com/cbb/schools/northern-arizona/men/2026.html,https://www.sports-reference.com/cbb/schools/northern-arizona/men/2026-gamelogs.html,71.0
216,Northern Colorado,https://www.sports-reference.com/cbb/schools/northern-colorado/men/2026.html,https://www.sports-reference.com/cbb/schools/northern-colorado/men/2026-gamelogs.html,70.5
217,Northern Illinois,https://www.sports-reference.com/cbb/schools/northern-illinois/men/2026.html,https://www.sports-reference.com/cbb/schools/northern-illinois/men/2026-gamelogs.html,71.0
218,Northern Iowa,https://www.sports-reference.com/cbb/schools/northern-iowa/men/2026.html,https://www.sports-reference.com/cbb/schools/northern-iowa/men/2026-gamelogs.html,64.4
219,Northern Kentucky,https://www.sports-reference.com/cbb/schools/northern-kentucky/men/2026.html,https://www.sports-reference.com/cbb/schools/northern-kentucky/men/2026-gamelogs.html,73.1
220,Northwestern,https://www.sports-reference.com/cbb/schools/northwestern/men/2026.html,https://www.sports-reference.com/cbb/schools/northwestern/men/2026-gamelogs.html,68.8
221,Northwestern State,https://www.sports-reference.com/cbb/schools/northwestern-state/men/2026.html,https://www.sports-reference.com/cbb/schools/northwestern-state/men/2026-gamelogs.html,67.9
222,Notre Dame,https://www.sports-reference.com/cbb/schools/notre-dame/men/2026.html,https://www.sports-reference.com/cbb/schools/notre-dame/men/2026-gamelogs.html,66.5
223,Oakland,https://www.sports-reference.com/cbb/schools/oakland/men/2026.html,https://www.sports-reference.com/cbb/schools/oakland/men/2026-gamelogs.html,73.1
224,Ohio,https://www.sports-reference.com/cbb/schools/ohio/men/2026.html,https://www.sports-reference.com/cbb/schools/ohio/men/2026-gamelogs.html,70.6
225,Ohio State,https://www.sports-reference.com/cbb/schools/ohio-state/men/2026.html,https://www.sports-reference.com/cbb/schools/ohio-state/men/2026-gamelogs.html,69.6
226,Oklahoma,https://www.sports-reference.com/cbb/schools/oklahoma/men/2026.html,https://www.sports-reference.com/cbb/schools/oklahoma/men/2026-gamelogs.html,69.9
227,Oklahoma State,https://www.sports-reference.com/cbb/schools/oklahoma-state/men/2026.html,https://www.sports-reference.com/cbb/schools/oklahoma-state/men/2026-gamelogs.html,77.6
228,Old Dominion,https://www.sports-reference.com/cbb/schools/old-dominion/men/2026.html,https://www.sports-reference.com/cbb/schools/old-dominion/men/2026-gamelogs.html,70.7
229,Omaha,https://www.sports-reference.com/cbb/schools/nebraska-omaha/men/2026.html,https://www.sports-reference.com/cbb/schools/nebraska-omaha/men/2026-gamelogs.html,68.8
230,Oral Roberts,https://www.sports-reference.com/cbb/schools/oral-roberts/men/2026.html,https://www.sports-reference.com/cbb/schools/oral-roberts/men/2026-gamelogs.html,71.6
231,Oregon,https://www.sports-reference.com/cbb/schools/oregon/men/2026.html,https://www.sports-reference.com/cbb/schools/oregon/men/2026-gamelogs.html,69.3
232,Oregon State,https://www.sports-reference.com/cbb/schools/oregon-state/men/2026.html,https://www.sports-reference.com/cbb/schools/oregon-state/men/2026-gamelogs.html,67.3
233,Pacific,https://www.sports-reference.com/cbb/schools/pacific/men/2026.html,https://www.sports-reference.com/cbb/schools/pacific/men/2026-gamelogs.html,67.3
234,Penn State,https://www.sports-reference.com/cbb/schools/penn-state/men/2026.html,https://www.sports-reference.com/cbb/schools/penn-state/men/2026-gamelogs.html,68.3
235,Pennsylvania,https://www.sports-reference.com/cbb/schools/pennsylvania/men/2026.html,https://www.sports-reference.com/cbb/schools/pennsylvania/men/2026-gamelogs.html,71.5
236,Pepperdine,https://www.sports-reference.com/cbb/schools/pepperdine/men/2026.html,https://www.sports-reference.com/cbb/schools/pepperdine/men/2026-gamelogs.html,68.6
237,Pittsburgh,https://www.sports-reference.com/cbb/schools/pittsburgh/men/2026.html,https://www.sports-reference.com/cbb/schools/pittsburgh/men/2026-gamelogs.html,65.4
238,Portland,https://www.sports-reference.com/cbb/schools/portland/men/2026.html,https://www.sports-reference.com/cbb/schools/portland/men/2026-gamelogs.html,74.5
239,Portland State,https://www.sports-reference.com/cbb/schools/portland-state/men/2026.html,https://www.sports-reference.com/cbb/schools/portland-state/men/2026-gamelogs.html,71.8
240,Prairie View,https://www.sports-reference.com/cbb/schools/prairie-view/men/2026.html,https://www.sports-reference.com/cbb/schools/prairie-view/men/2026-gamelogs.html,78.0
241,Presbyterian,https://www.sports-reference.com/cbb/schools/presbyterian/men/2026.html,https://www.sports-reference.com/cbb/schools/presbyterian/men/2026-gamelogs.html,66.0
242,Princeton,https://www.sports-reference.com/cbb/schools/princeton/men/2026.html,https://www.sports-reference.com/cbb/schools/princeton/men/2026-gamelogs.html,67.4
243,Providence,https://www.sports-reference.com/cbb/schools/providence/men/2026.html,https://www.sports-reference.com/cbb/schools/providence/men/2026-gamelogs.html,73.8
244,Purdue,https://www.sports-reference.com/cbb/schools/purdue/men/2026.html,https://www.sports-reference.com/cbb/schools/purdue/men/2026-gamelogs.html,67.7
245,Purdue Fort Wayne,https://www.sports-reference.com/cbb/schools/ipfw/men/2026.html,https://www.sports-reference.com/cbb/schools/ipfw/men/2026-gamelogs.html,73.1
246,Queens (NC),https://www.sports-reference.com/cbb/schools/queens-nc/men/2026.html,https://www.sports-reference.com/cbb/schools/queens-nc/men/2026-gamelogs.html,71.7
247,Quinnipiac,https://www.sports-reference.com/cbb/schools/quinnipiac/men/2026.html,https://www.sports-reference.com/cbb/schools/quinnipiac/men/2026-gamelogs.html,72.2
248,Radford,https://www.sports-reference.com/cbb/schools/radford/men/2026.html,https://www.sports-reference.com/cbb/schools/radford/men/2026-gamelogs.html,73.9
249,Rhode Island,https://www.sports-reference.com/cbb/schools/rhode-island/men/2026.html,https://www.sports-reference.com/cbb/schools/rhode-island/men/2026-gamelogs.html,66.9
250,Rice,https://www.sports-reference.com/cbb/schools/rice/men/2026.html,https://www.sports-reference.com/cbb/schools/rice/men/2026-gamelogs.html,69.5
251,Richmond,https://www.sports-reference.com/cbb/schools/richmond/men/2026.html,https://www.sports-reference.com/cbb/schools/richmond/men/2026-gamelogs.html,71.6
252,Rider,https://www.sports-reference.com/cbb/schools/rider/men/2026.html,https://www.sports-reference.com/cbb/schools/rider/men/2026-gamelogs.html,67.4
253,Robert Morris,https://www.sports-reference.com/cbb/schools/robert-morris/men/2026.html,https://www.sports-reference.com/cbb/schools/robert-morris/men/2026-gamelogs.html,66.6
254,Rutgers,https://www.sports-reference.com/cbb/schools/rutgers/men/2026.html,https://www.sports-reference.com/cbb/schools/rutgers/men/2026-gamelogs.html,67.1
255,Sacramento State,https://www.sports-reference.com/cbb/schools/sacramento-state/men/2026.html,https://www.sports-reference.com/cbb/schools/sacramento-state/men/2026-gamelogs.html,74.3
256,Sacred Heart,https://www.sports-reference.com/cbb/schools/sacred-heart/men/2026.html,https://www.sports-reference.com/cbb/schools/sacred-heart/men/2026-gamelogs.html,69.7
257,Saint Francis (PA),https://www.sports-reference.com/cbb/schools/saint-francis-pa/men/2026.html,https://www.sports-reference.com/cbb/schools/saint-francis-pa/men/2026-gamelogs.html,72.5
258,Saint Joseph's,https://www.sports-reference.com/cbb/schools/saint-josephs/men/2026.html,https://www.sports-reference.com/cbb/schools/saint-josephs/men/2026-gamelogs.html,70.6
259,Saint Louis,https://www.sports-reference.com/cbb/schools/saint-louis/men/2026.html,https://www.sports-reference.com/cbb/schools/saint-louis/men/2026-gamelogs.html,75.1
260,Saint Mary's (CA),https://www.sports-reference.com/cbb/schools/saint-marys-ca/men/2026.html,https://www.sports-reference.com/cbb/schools/saint-marys-ca/men/2026-gamelogs.html,67.6
261,Saint Peter's,https://www.sports-reference.com/cbb/schools/saint-peters/men/2026.html,https://www.sports-reference.com/cbb/schools/saint-peters/men/2026-gamelogs.html,67.0
262,Sam Houston,https://www.sports-reference.com/cbb/schools/sam-houston-state/men/2026.html,https://www.sports-reference.com/cbb/schools/sam-houston-state/men/2026-gamelogs.html,74.2
263,Samford,https://www.sports-reference.com/cbb/schools/samford/men/2026.html,https://www.sports-reference.com/cbb/schools/samford/men/2026-gamelogs.html,70.2
264,San Diego,https://www.sports-reference.com/cbb/schools/san-diego/men/2026.html,https://www.sports-reference.com/cbb/schools/san-diego/men/2026-gamelogs.html,69.5
265,San Diego State,https://www.sports-reference.com/cbb/schools/san-diego-state/men/2026.html,https://www.sports-reference.com/cbb/schools/san-diego-state/men/2026-gamelogs.html,70.1
266,San Francisco,https://www.sports-reference.com/cbb/schools/san-francisco/men/2026.html,https://www.sports-reference.com/cbb/schools/san-francisco/men/2026-gamelogs.html,67.5
267,San Jose State,https://www.sports-reference.com/cbb/schools/san-jose-state/men/2026.html,https://www.sports-reference.com/cbb/schools/san-jose-state/men/2026-gamelogs.html,66.8
268,Santa Clara,https://www.sports-reference.com/cbb/schools/santa-clara/men/2026.html,https://www.sports-reference.com/cbb/schools/santa-clara/men/2026-gamelogs.html,69.7
269,Seattle,https://www.sports-reference.com/cbb/schools/seattle/men/2026.html,https://www.sports-reference.com/cbb/schools/seattle/men/2026-gamelogs.html,71.2
270,Seton Hall,https://www.sports-reference.com/cbb/schools/seton-hall/men/2026.html,https://www.sports-reference.com/cbb/schools/seton-hall/men/2026-gamelogs.html,67.1
271,Siena,https://www.sports-reference.com/cbb/schools/siena/men/2026.html,https://www.sports-reference.com/cbb/schools/siena/men/2026-gamelogs.html,65.6
272,South Alabama,https://www.sports-reference.com/cbb/schools/south-alabama/men/2026.html,https://www.sports-reference.com/cbb/schools/south-alabama/men/2026-gamelogs.html,67.6
273,South Carolina,https://www.sports-reference.com/cbb/schools/south-carolina/men/2026.html,https://www.sports-reference.com/cbb/schools/south-carolina/men/2026-gamelogs.html,68.1
274,South Carolina State,https://www.sports-reference.com/cbb/schools/south-carolina-state/men/2026.html,https://www.sports-reference.com/cbb/schools/south-carolina-state/men/2026-gamelogs.html,71.3
275,South Carolina Upstate,https://www.sports-reference.com/cbb/schools/south-carolina-upstate/men/2026.html,https://www.sports-reference.com/cbb/schools/south-carolina-upstate/men/2026-gamelogs.html,71.2
276,South Dakota,https://www.sports-reference.com/cbb/schools/south-dakota/men/2026.html,https://www.sports-reference.com/cbb/schools/south-dakota/men/2026-gamelogs.html,73.0
277,South Dakota State,https://www.sports-reference.com/cbb/schools/south-dakota-state/men/2026.html,https://www.sports-reference.com/cbb/schools/south-dakota-state/men/2026-gamelogs.html,69.2
278,South Florida,https://www.sports-reference.com/cbb/schools/south-florida/men/2026.html,https://www.sports-reference.com/cbb/schools/south-florida/men/2026-gamelogs.html,76.1
279,Southeast Missouri State,https://www.sports-reference.com/cbb/schools/southeast-missouri-state/men/2026.html,https://www.sports-reference.com/cbb/schools/southeast-missouri-state/men/2026-gamelogs.html,74.5
280,Southeastern Louisiana,https://www.sports-reference.com/cbb/schools/southeastern-louisiana/men/2026.html,https://www.sports-reference.com/cbb/schools/southeastern-louisiana/men/2026-gamelogs.html,66.5
281,Southern,https://www.sports-reference.com/cbb/schools/southern/men/2026.html,https://www.sports-reference.com/cbb/schools/southern/men/2026-gamelogs.html,75.2
282,Southern California,https://www.sports-reference.com/cbb/schools/southern-california/men/2026.html,https://www.sports-reference.com/cbb/schools/southern-california/men/2026-gamelogs.html,73.0
283,Southern Illinois,https://www.sports-reference.com/cbb/schools/southern-illinois/men/2026.html,https://www.sports-reference.com/cbb/schools/southern-illinois/men/2026-gamelogs.html,71.8
284,SIU Edwardsville,https://www.sports-reference.com/cbb/schools/southern-illinois-edwardsville/men/2026.html,https://www.sports-reference.com/cbb/schools/southern-illinois-edwardsville/men/2026-gamelogs.html,69.2
285,Southern Indiana,https://www.sports-reference.com/cbb/schools/southern-indiana/men/2026.html,https://www.sports-reference.com/cbb/schools/southern-indiana/men/2026-gamelogs.html,71.7
286,Southern Methodist,https://www.sports-reference.com/cbb/schools/southern-methodist/men/2026.html,https://www.sports-reference.com/cbb/schools/southern-methodist/men/2026-gamelogs.html,73.9
287,Southern Mississippi,https://www.sports-reference.com/cbb/schools/southern-mississippi/men/2026.html,https://www.sports-reference.com/cbb/schools/southern-mississippi/men/2026-gamelogs.html,69.5
288,Southern Utah,https://www.sports-reference.com/cbb/schools/southern-utah/men/2026.html,https://www.sports-reference.com/cbb/schools/southern-utah/men/2026-gamelogs.html,73.9
289,St. Bonaventure,https://www.sports-reference.com/cbb/schools/st-bonaventure/men/2026.html,https://www.sports-reference.com/cbb/schools/st-bonaventure/men/2026-gamelogs.html,67.8
290,St. John's (NY),https://www.sports-reference.com/cbb/schools/st-johns-ny/men/2026.html,https://www.sports-reference.com/cbb/schools/st-johns-ny/men/2026-gamelogs.html,73.8
291,St. Thomas,https://www.sports-reference.com/cbb/schools/st-thomas-mn/men/2026.html,https://www.sports-reference.com/cbb/schools/st-thomas-mn/men/2026-gamelogs.html,70.9
292,Stanford,https://www.sports-reference.com/cbb/schools/stanford/men/2026.html,https://www.sports-reference.com/cbb/schools/stanford/men/2026-gamelogs.html,71.8
293,Stephen F. Austin,https://www.sports-reference.com/cbb/schools/stephen-f-austin/men/2026.html,https://www.sports-reference.com/cbb/schools/stephen-f-austin/men/2026-gamelogs.html,69.0
294,Stetson,https://www.sports-reference.com/cbb/schools/stetson/men/2026.html,https://www.sports-reference.com/cbb/schools/stetson/men/2026-gamelogs.html,69.9
295,Stonehill,https://www.sports-reference.com/cbb/schools/stonehill/men/2026.html,https://www.sports-reference.com/cbb/schools/stonehill/men/2026-gamelogs.html,69.6
296,Stony Brook,https://www.sports-reference.com/cbb/schools/stony-brook/men/2026.html,https://www.sports-reference.com/cbb/schools/stony-brook/men/2026-gamelogs.html,67.7
297,Syracuse,https://www.sports-reference.com/cbb/schools/syracuse/men/2026.html,https://www.sports-reference.com/cbb/schools/syracuse/men/2026-gamelogs.html,67.6
298,Tarleton State,https://www.sports-reference.com/cbb/schools/tarleton-state/men/2026.html,https://www.sports-reference.com/cbb/schools/tarleton-state/men/2026-gamelogs.html,74.2
299,TCU,https://www.sports-reference.com/cbb/schools/texas-christian/men/2026.html,https://www.sports-reference.com/cbb/schools/texas-christian/men/2026-gamelogs.html,69.6
300,Temple,https://www.sports-reference.com/cbb/schools/temple/men/2026.html,https://www.sports-reference.com/cbb/schools/temple/men/2026-gamelogs.html,66.3
301,Tennessee,https://www.sports-reference.com/cbb/schools/tennessee/men/2026.html,https://www.sports-reference.com/cbb/schools/tennessee/men/2026-gamelogs.html,69.1
302,Tennessee State,https://www.sports-reference.com/cbb/schools/tennessee-state/men/2026.html,https://www.sports-reference.com/cbb/schools/tennessee-state/men/2026-gamelogs.html,76.4
303,Tennessee Tech,https://www.sports-reference.com/cbb/schools/tennessee-tech/men/2026.html,https://www.sports-reference.com/cbb/schools/tennessee-tech/men/2026-gamelogs.html,74.6
304,Tennessee-Martin,https://www.sports-reference.com/cbb/schools/tennessee-martin/men/2026.html,https://www.sports-reference.com/cbb/schools/tennessee-martin/men/2026-gamelogs.html,70.9
305,Texas,https://www.sports-reference.com/cbb/schools/texas/men/2026.html,https://www.sports-reference.com/cbb/schools/texas/men/2026-gamelogs.html,71.6
306,Texas A&M,https://www.sports-reference.com/cbb/schools/texas-am/men/2026.html,https://www.sports-reference.com/cbb/schools/texas-am/men/2026-gamelogs.html,76.4
307,Texas A&M-Corpus Christi,https://www.sports-reference.com/cbb/schools/texas-am-corpus-christi/men/2026.html,https://www.sports-reference.com/cbb/schools/texas-am-corpus-christi/men/2026-gamelogs.html,72.4
308,Texas Southern,https://www.sports-reference.com/cbb/schools/texas-southern/men/2026.html,https://www.sports-reference.com/cbb/schools/texas-southern/men/2026-gamelogs.html,73.8
309,Texas State,https://www.sports-reference.com/cbb/schools/texas-state/men/2026.html,https://www.sports-reference.com/cbb/schools/texas-state/men/2026-gamelogs.html,69.0
310,Texas Tech,https://www.sports-reference.com/cbb/schools/texas-tech/men/2026.html,https://www.sports-reference.com/cbb/schools/texas-tech/men/2026-gamelogs.html,70.0
311,Texas-Rio Grande Valley,https://www.sports-reference.com/cbb/schools/texas-pan-american/men/2026.html,https://www.sports-reference.com/cbb/schools/texas-pan-american/men/2026-gamelogs.html,69.5
312,The Citadel,https://www.sports-reference.com/cbb/schools/citadel/men/2026.html,https://www.sports-reference.com/cbb/schools/citadel/men/2026-gamelogs.html,66.1
313,Toledo,https://www.sports-reference.com/cbb/schools/toledo/men/2026.html,https://www.sports-reference.com/cbb/schools/toledo/men/2026-gamelogs.html,71.8
314,Towson,https://www.sports-reference.com/cbb/schools/towson/men/2026.html,https://www.sports-reference.com/cbb/schools/towson/men/2026-gamelogs.html,66.3
315,Troy,https://www.sports-reference.com/cbb/schools/troy/men/2026.html,https://www.sports-reference.com/cbb/schools/troy/men/2026-gamelogs.html,72.9
316,Tulane,https://www.sports-reference.com/cbb/schools/tulane/men/2026.html,https://www.sports-reference.com/cbb/schools/tulane/men/2026-gamelogs.html,67.8
317,Tulsa,https://www.sports-reference.com/cbb/schools/tulsa/men/2026.html,https://www.sports-reference.com/cbb/schools/tulsa/men/2026-gamelogs.html,70.3
318,UAB,https://www.sports-reference.com/cbb/schools/alabama-birmingham/men/2026.html,https://www.sports-reference.com/cbb/schools/alabama-birmingham/men/2026-gamelogs.html,72.0
319,UC Davis,https://www.sports-reference.com/cbb/schools/california-davis/men/2026.html,https://www.sports-reference.com/cbb/schools/california-davis/men/2026-gamelogs.html,72.2
320,UC Irvine,https://www.sports-reference.com/cbb/schools/california-irvine/men/2026.html,https://www.sports-reference.com/cbb/schools/california-irvine/men/2026-gamelogs.html,71.6
321,UC Riverside,https://www.sports-reference.com/cbb/schools/california-riverside/men/2026.html,https://www.sports-reference.com/cbb/schools/california-riverside/men/2026-gamelogs.html,70.2
322,UC San Diego,https://www.sports-reference.com/cbb/schools/california-san-diego/men/2026.html,https://www.sports-reference.com/cbb/schools/california-san-diego/men/2026-gamelogs.html,69.5
323,UC Santa Barbara,https://www.sports-reference.com/cbb/schools/california-santa-barbara/men/2026.html,https://www.sports-reference.com/cbb/schools/california-santa-barbara/men/2026-gamelogs.html,66.9
324,UCF,https://www.sports-reference.com/cbb/schools/central-florida/men/2026.html,https://www.sports-reference.com/cbb/schools/central-florida/men/2026-gamelogs.html,71.8
325,UCLA,https://www.sports-reference.com/cbb/schools/ucla/men/2026.html,https://www.sports-reference.com/cbb/schools/ucla/men/2026-gamelogs.html,68.8
326,UNC Asheville,https://www.sports-reference.com/cbb/schools/north-carolina-asheville/men/2026.html,https://www.sports-reference.com/cbb/schools/north-carolina-asheville/men/2026-gamelogs.html,68.8
327,UNC Greensboro,https://www.sports-reference.com/cbb/schools/north-carolina-greensboro/men/2026.html,https://www.sports-reference.com/cbb/schools/north-carolina-greensboro/men/2026-gamelogs.html,71.1
328,UNC Wilmington,https://www.sports-reference.com/cbb/schools/north-carolina-wilmington/men/2026.html,https://www.sports-reference.com/cbb/schools/north-carolina-wilmington/men/2026-gamelogs.html,68.4
329,UT Arlington,https://www.sports-reference.com/cbb/schools/texas-arlington/men/2026.html,https://www.sports-reference.com/cbb/schools/texas-arlington/men/2026-gamelogs.html,69.4
330,Utah,https://www.sports-reference.com/cbb/schools/utah/men/2026.html,https://www.sports-reference.com/cbb/schools/utah/men/2026-gamelogs.html,70.8
331,Utah State,https://www.sports-reference.com/cbb/schools/utah-state/men/2026.html,https://www.sports-reference.com/cbb/schools/utah-state/men/2026-gamelogs.html,69.4
332,Utah Tech,https://www.sports-reference.com/cbb/schools/dixie-state/men/2026.html,https://www.sports-reference.com/cbb/schools/dixie-state/men/2026-gamelogs.html,70.9
333,Utah Valley,https://www.sports-reference.com/cbb/schools/utah-valley/men/2026.html,https://www.sports-reference.com/cbb/schools/utah-valley/men/2026-gamelogs.html,71.3
334,UTEP,https://www.sports-reference.com/cbb/schools/texas-el-paso/men/2026.html,https://www.sports-reference.com/cbb/schools/texas-el-paso/men/2026-gamelogs.html,68.6
335,UTSA,https://www.sports-reference.com/cbb/schools/texas-san-antonio/men/2026.html,https://www.sports-reference.com/cbb/schools/texas-san-antonio/men/2026-gamelogs.html,72.5
336,Valparaiso,https://www.sports-reference.com/cbb/schools/valparaiso/men/2026.html,https://www.sports-reference.com/cbb/schools/valparaiso/men/2026-gamelogs.html,67.4
337,Vanderbilt,https://www.sports-reference.com/cbb/schools/vanderbilt/men/2026.html,https://www.sports-reference.com/cbb/schools/vanderbilt/men/2026-gamelogs.html,73.8
338,Vermont,https://www.sports-reference.com/cbb/schools/vermont/men/2026.html,https://www.sports-reference.com/cbb/schools/vermont/men/2026-gamelogs.html,66.1
339,Villanova,https://www.sports-reference.com/cbb/schools/villanova/men/2026.html,https://www.sports-reference.com/cbb/schools/villanova/men/2026-gamelogs.html,65.1
340,Virginia,https://www.sports-reference.com/cbb/schools/virginia/men/2026.html,https://www.sports-reference.com/cbb/schools/virginia/men/2026-gamelogs.html,67.6
341,Virginia Commonwealth,https://www.sports-reference.com/cbb/schools/virginia-commonwealth/men/2026.html,https://www.sports-reference.com/cbb/schools/virginia-commonwealth/men/2026-gamelogs.html,71.7
342,VMI,https://www.sports-reference.com/cbb/schools/virginia-military-institute/men/2026.html,https://www.sports-reference.com/cbb/schools/virginia-military-institute/men/2026-gamelogs.html,71.2
343,Virginia Tech,https://www.sports-reference.com/cbb/schools/virginia-tech/men/2026.html,https://www.sports-reference.com/cbb/schools/virginia-tech/men/2026-gamelogs.html,69.2
344,Wagner,https://www.sports-reference.com/cbb/schools/wagner/men/2026.html,https://www.sports-reference.com/cbb/schools/wagner/men/2026-gamelogs.html,70.4
345,Wake Forest,https://www.sports-reference.com/cbb/schools/wake-forest/men/2026.html,https://www.sports-reference.com/cbb/schools/wake-forest/men/2026-gamelogs.html,72.8
346,Washington,https://www.sports-reference.com/cbb/schools/washington/men/2026.html,https://www.sports-reference.com/cbb/schools/washington/men/2026-gamelogs.html,70.8
347,Washington State,https://www.sports-reference.com/cbb/schools/washington-state/men/2026.html,https://www.sports-reference.com/cbb/schools/washington-state/men/2026-gamelogs.html,69.7
348,Weber State,https://www.sports-reference.com/cbb/schools/weber-state/men/2026.html,https://www.sports-reference.com/cbb/schools/weber-state/men/2026-gamelogs.html,73.0
349,West Georgia,https://www.sports-reference.com/cbb/schools/west-georgia/men/2026.html,https://www.sports-reference.com/cbb/schools/west-georgia/men/2026-gamelogs.html,72.2
350,West Virginia,https://www.sports-reference.com/cbb/schools/west-virginia/men/2026.html,https://www.sports-reference.com/cbb/schools/west-virginia/men/2026-gamelogs.html,64.8
351,Western Carolina,https://www.sports-reference.com/cbb/schools/western-carolina/men/2026.html,https://www.sports-reference.com/cbb/schools/western-carolina/men/2026-gamelogs.html,74.3
352,Western Illinois,https://www.sports-reference.com/cbb/schools/western-illinois/men/2026.html,https://www.sports-reference.com/cbb/schools/western-illinois/men/2026-gamelogs.html,67.2
353,Western Kentucky,https://www.sports-reference.com/cbb/schools/western-kentucky/men/2026.html,https://www.sports-reference.com/cbb/schools/western-kentucky/men/2026-gamelogs.html,73.7
354,Western Michigan,https://www.sports-reference.com/cbb/schools/western-michigan/men/2026.html,https://www.sports-reference.com/cbb/schools/western-michigan/men/2026-gamelogs.html,71.9
355,Wichita State,https://www.sports-reference.com/cbb/schools/wichita-state/men/2026.html,https://www.sports-reference.com/cbb/schools/wichita-state/men/2026-gamelogs.html,65.5
356,William & Mary,https://www.sports-reference.com/cbb/schools/william-mary/men/2026.html,https://www.sports-reference.com/cbb/schools/william-mary/men/2026-gamelogs.html,77.1
357,Winthrop,https://www.sports-reference.com/cbb/schools/winthrop/men/2026.html,https://www.sports-reference.com/cbb/schools/winthrop/men/2026-gamelogs.html,72.3
358,Wisconsin,https://www.sports-reference.com/cbb/schools/wisconsin/men/2026.html,https://www.sports-reference.com/cbb/schools/wisconsin/men/2026-gamelogs.html,71.2
359,Wofford,https://www.sports-reference.com/cbb/schools/wofford/men/2026.html,https://www.sports-reference.com/cbb/schools/wofford/men/2026-gamelogs.html,68.2
360,Wright State,https://www.sports-reference.com/cbb/schools/wright-state/men/2026.html,https://www.sports-reference.com/cbb/schools/wright-state/men/2026-gamelogs.html,68.8
361,Wyoming,https://www.sports-reference.com/cbb/schools/wyoming/men/2026.html,https://www.sports-reference.com/cbb/schools/wyoming/men/2026-gamelogs.html,72.4
362,Xavier,https://www.sports-reference.com/cbb/schools/xavier/men/2026.html,https://www.sports-reference.com/cbb/schools/xavier/men/2026-gamelogs.html,71.6
363,Yale,https://www.sports-reference.com/cbb/schools/yale/men/2026.html,https://www.sports-reference.com/cbb/schools/yale/men/2026-gamelogs.html,68.1
364,Youngstown State,https://www.sports-reference.com/cbb/schools/youngstown-state/men/2026.html,https://www.sports-reference.com/cbb/schools/youngstown-state/men/2026-gamelogs.html,69.9
